-- phpMyAdmin SQL Dump
-- version 5.2.1
-- https://www.phpmyadmin.net/
--
-- Servidor: 127.0.0.1
-- Tiempo de generación: 04-05-2025 a las 20:19:59
-- Versión del servidor: 10.4.32-MariaDB
-- Versión de PHP: 8.2.12

SET SQL_MODE = "NO_AUTO_VALUE_ON_ZERO";
START TRANSACTION;
SET time_zone = "+00:00";


/*!40101 SET @OLD_CHARACTER_SET_CLIENT=@@CHARACTER_SET_CLIENT */;
/*!40101 SET @OLD_CHARACTER_SET_RESULTS=@@CHARACTER_SET_RESULTS */;
/*!40101 SET @OLD_COLLATION_CONNECTION=@@COLLATION_CONNECTION */;
/*!40101 SET NAMES utf8mb4 */;

--
-- Base de datos: `rick_morty_db`
--

-- --------------------------------------------------------

--
-- Estructura de tabla para la tabla `characters`
--

CREATE TABLE `characters` (
  `id` int(11) NOT NULL,
  `gender` varchar(50) NOT NULL,
  `name` varchar(255) NOT NULL,
  `species` varchar(100) NOT NULL,
  `status` varchar(50) NOT NULL,
  `type` varchar(100) DEFAULT NULL,
  `id_location` int(11) NOT NULL,
  `id_origin` int(11) DEFAULT NULL,
  `image` varchar(255) NOT NULL
) ENGINE=InnoDB DEFAULT CHARSET=utf8mb4 COLLATE=utf8mb4_general_ci;

--
-- Volcado de datos para la tabla `characters`
--

INSERT INTO `characters` (`id`, `gender`, `name`, `species`, `status`, `type`, `id_location`, `id_origin`, `image`) VALUES
(1, 'Male', 'Rick Sanchez', 'Human', 'Alive', '', 3, 1, 'https://rickandmortyapi.com/api/character/avatar/1.jpeg'),
(2, 'Male', 'Morty Smith', 'Human', 'Alive', '', 3, 0, 'https://rickandmortyapi.com/api/character/avatar/2.jpeg'),
(3, 'Female', 'Summer Smith', 'Human', 'Alive', '', 20, 20, 'https://rickandmortyapi.com/api/character/avatar/3.jpeg'),
(4, 'Female', 'Beth Smith', 'Human', 'Alive', '', 20, 20, 'https://rickandmortyapi.com/api/character/avatar/4.jpeg'),
(5, 'Male', 'Jerry Smith', 'Human', 'Alive', '', 20, 20, 'https://rickandmortyapi.com/api/character/avatar/5.jpeg'),
(6, 'Female', 'Abadango Cluster Princess', 'Alien', 'Alive', '', 2, 2, 'https://rickandmortyapi.com/api/character/avatar/6.jpeg'),
(7, 'Male', 'Abradolf Lincler', 'Human', 'unknown', 'Genetic experiment', 21, 20, 'https://rickandmortyapi.com/api/character/avatar/7.jpeg'),
(8, 'Male', 'Adjudicator Rick', 'Human', 'Dead', '', 3, 0, 'https://rickandmortyapi.com/api/character/avatar/8.jpeg'),
(9, 'Male', 'Agency Director', 'Human', 'Dead', '', 20, 20, 'https://rickandmortyapi.com/api/character/avatar/9.jpeg'),
(10, 'Male', 'Alan Rails', 'Human', 'Dead', 'Superhuman (Ghost trains summoner)', 4, 0, 'https://rickandmortyapi.com/api/character/avatar/10.jpeg'),
(11, 'Male', 'Albert Einstein', 'Human', 'Dead', '', 20, 1, 'https://rickandmortyapi.com/api/character/avatar/11.jpeg'),
(12, 'Male', 'Alexander', 'Human', 'Dead', '', 5, 1, 'https://rickandmortyapi.com/api/character/avatar/12.jpeg'),
(13, 'unknown', 'Alien Googah', 'Alien', 'unknown', '', 20, 0, 'https://rickandmortyapi.com/api/character/avatar/13.jpeg'),
(14, 'Male', 'Alien Morty', 'Alien', 'unknown', '', 3, 0, 'https://rickandmortyapi.com/api/character/avatar/14.jpeg'),
(15, 'Male', 'Alien Rick', 'Alien', 'unknown', '', 3, 0, 'https://rickandmortyapi.com/api/character/avatar/15.jpeg'),
(16, 'Female', 'Amish Cyborg', 'Alien', 'Dead', 'Parasite', 20, 0, 'https://rickandmortyapi.com/api/character/avatar/16.jpeg'),
(17, 'Female', 'Annie', 'Human', 'Alive', '', 5, 1, 'https://rickandmortyapi.com/api/character/avatar/17.jpeg'),
(18, 'Male', 'Antenna Morty', 'Human', 'Alive', 'Human with antennae', 3, 0, 'https://rickandmortyapi.com/api/character/avatar/18.jpeg'),
(19, 'Male', 'Antenna Rick', 'Human', 'unknown', 'Human with antennae', 0, 0, 'https://rickandmortyapi.com/api/character/avatar/19.jpeg'),
(20, 'Male', 'Ants in my Eyes Johnson', 'Human', 'unknown', 'Human with ants in his eyes', 6, 0, 'https://rickandmortyapi.com/api/character/avatar/20.jpeg'),
(21, 'Male', 'Aqua Morty', 'Humanoid', 'unknown', 'Fish-Person', 3, 0, 'https://rickandmortyapi.com/api/character/avatar/21.jpeg'),
(22, 'Male', 'Aqua Rick', 'Humanoid', 'unknown', 'Fish-Person', 3, 0, 'https://rickandmortyapi.com/api/character/avatar/22.jpeg'),
(23, 'Male', 'Arcade Alien', 'Alien', 'unknown', '', 7, 0, 'https://rickandmortyapi.com/api/character/avatar/23.jpeg'),
(24, 'Male', 'Armagheadon', 'Alien', 'Alive', 'Cromulon', 22, 22, 'https://rickandmortyapi.com/api/character/avatar/24.jpeg'),
(25, 'Male', 'Armothy', 'unknown', 'Dead', 'Self-aware arm', 8, 8, 'https://rickandmortyapi.com/api/character/avatar/25.jpeg'),
(26, 'Female', 'Arthricia', 'Alien', 'Alive', 'Cat-Person', 9, 9, 'https://rickandmortyapi.com/api/character/avatar/26.jpeg'),
(27, 'Male', 'Artist Morty', 'Human', 'Alive', '', 3, 0, 'https://rickandmortyapi.com/api/character/avatar/27.jpeg'),
(28, 'Male', 'Attila Starwar', 'Human', 'Alive', '', 6, 0, 'https://rickandmortyapi.com/api/character/avatar/28.jpeg'),
(29, 'Male', 'Baby Legs', 'Human', 'Alive', 'Human with baby legs', 6, 0, 'https://rickandmortyapi.com/api/character/avatar/29.jpeg'),
(30, 'Male', 'Baby Poopybutthole', 'Poopybutthole', 'Alive', '', 0, 0, 'https://rickandmortyapi.com/api/character/avatar/30.jpeg'),
(31, 'Male', 'Baby Wizard', 'Alien', 'Dead', 'Parasite', 20, 0, 'https://rickandmortyapi.com/api/character/avatar/31.jpeg'),
(32, 'Female', 'Bearded Lady', 'Alien', 'Dead', 'Parasite', 20, 0, 'https://rickandmortyapi.com/api/character/avatar/32.jpeg'),
(33, 'Male', 'Beebo', 'Alien', 'Dead', '', 10, 10, 'https://rickandmortyapi.com/api/character/avatar/33.jpeg'),
(34, 'Male', 'Benjamin', 'Poopybutthole', 'Alive', '', 6, 0, 'https://rickandmortyapi.com/api/character/avatar/34.jpeg'),
(35, 'unknown', 'Bepisian', 'Alien', 'Alive', 'Bepisian', 11, 11, 'https://rickandmortyapi.com/api/character/avatar/35.jpeg'),
(36, 'unknown', 'Beta-Seven', 'Alien', 'Alive', 'Hivemind', 0, 0, 'https://rickandmortyapi.com/api/character/avatar/36.jpeg'),
(37, 'Female', 'Beth Sanchez', 'Human', 'Alive', '', 23, 23, 'https://rickandmortyapi.com/api/character/avatar/37.jpeg'),
(38, 'Female', 'Beth Smith', 'Human', 'Alive', '', 1, 1, 'https://rickandmortyapi.com/api/character/avatar/38.jpeg'),
(39, 'Female', 'Beth Smith', 'Human', 'Alive', '', 34, 34, 'https://rickandmortyapi.com/api/character/avatar/39.jpeg'),
(40, 'Female', 'Beth\'s Mytholog', 'Mythological Creature', 'Dead', 'Mytholog', 13, 13, 'https://rickandmortyapi.com/api/character/avatar/40.jpeg'),
(41, 'Female', 'Big Boobed Waitress', 'Mythological Creature', 'Alive', '', 48, 48, 'https://rickandmortyapi.com/api/character/avatar/41.jpeg'),
(42, 'Male', 'Big Head Morty', 'Human', 'unknown', 'Human with giant head', 3, 0, 'https://rickandmortyapi.com/api/character/avatar/42.jpeg'),
(43, 'Male', 'Big Morty', 'Human', 'Dead', '', 3, 0, 'https://rickandmortyapi.com/api/character/avatar/43.jpeg'),
(44, 'Male', 'Body Guard Morty', 'Human', 'Dead', '', 3, 0, 'https://rickandmortyapi.com/api/character/avatar/44.jpeg'),
(45, 'Male', 'Bill', 'Human', 'Alive', '', 1, 1, 'https://rickandmortyapi.com/api/character/avatar/45.jpeg'),
(46, 'Male', 'Bill', 'Animal', 'unknown', 'Dog', 0, 20, 'https://rickandmortyapi.com/api/character/avatar/46.jpeg'),
(47, 'Male', 'Birdperson', 'Alien', 'Alive', 'Bird-Person', 35, 15, 'https://rickandmortyapi.com/api/character/avatar/47.jpeg'),
(48, 'Male', 'Black Rick', 'Human', 'Alive', '', 3, 0, 'https://rickandmortyapi.com/api/character/avatar/48.jpeg'),
(49, 'unknown', 'Blamph', 'Alien', 'Alive', '', 6, 0, 'https://rickandmortyapi.com/api/character/avatar/49.jpeg'),
(50, 'Male', 'Blim Blam', 'Alien', 'Alive', 'Korblock', 20, 0, 'https://rickandmortyapi.com/api/character/avatar/50.jpeg'),
(51, 'Male', 'Blue Diplomat', 'Alien', 'Alive', '', 6, 0, 'https://rickandmortyapi.com/api/character/avatar/51.jpeg'),
(52, 'Male', 'Blue Footprint Guy', 'Human', 'Dead', '', 8, 8, 'https://rickandmortyapi.com/api/character/avatar/52.jpeg'),
(53, 'Male', 'Blue Shirt Morty', 'Human', 'unknown', '', 3, 0, 'https://rickandmortyapi.com/api/character/avatar/53.jpeg'),
(54, 'Male', 'Bobby Moynihan', 'Human', 'Alive', '', 6, 0, 'https://rickandmortyapi.com/api/character/avatar/54.jpeg'),
(55, 'unknown', 'Boobloosian', 'Alien', 'Dead', 'Boobloosian', 13, 0, 'https://rickandmortyapi.com/api/character/avatar/55.jpeg'),
(56, 'Male', 'Bootleg Portal Chemist Rick', 'Human', 'Dead', '', 3, 0, 'https://rickandmortyapi.com/api/character/avatar/56.jpeg'),
(57, 'Male', 'Borpocian', 'Alien', 'Alive', 'Elephant-Person', 0, 0, 'https://rickandmortyapi.com/api/character/avatar/57.jpeg'),
(58, 'Male', 'Brad', 'Human', 'Alive', '', 20, 20, 'https://rickandmortyapi.com/api/character/avatar/58.jpeg'),
(59, 'Male', 'Brad Anderson', 'Human', 'Dead', '', 20, 20, 'https://rickandmortyapi.com/api/character/avatar/59.jpeg'),
(60, 'Female', 'Calypso', 'Human', 'Dead', 'Superhuman', 0, 0, 'https://rickandmortyapi.com/api/character/avatar/60.jpeg'),
(61, 'Male', 'Campaign Manager Morty', 'Human', 'Dead', '', 3, 0, 'https://rickandmortyapi.com/api/character/avatar/61.jpeg'),
(62, 'Male', 'Canklanker Thom', 'Alien', 'Dead', 'Gromflomite', 0, 19, 'https://rickandmortyapi.com/api/character/avatar/62.jpeg'),
(63, 'Male', 'Centaur', 'Mythological Creature', 'Alive', 'Centaur', 18, 0, 'https://rickandmortyapi.com/api/character/avatar/63.jpeg'),
(64, 'unknown', 'Chris', 'Alien', 'Dead', 'Organic gun', 20, 0, 'https://rickandmortyapi.com/api/character/avatar/64.jpeg'),
(65, 'Male', 'Chris', 'Humanoid', 'Alive', 'Microverse inhabitant', 24, 24, 'https://rickandmortyapi.com/api/character/avatar/65.jpeg'),
(66, 'Male', 'Coach Feratu (Balik Alistane)', 'Mythological Creature', 'Dead', 'Vampire', 20, 20, 'https://rickandmortyapi.com/api/character/avatar/66.jpeg'),
(67, 'Male', 'Collector', 'Alien', 'Alive', 'Light bulb-Alien', 25, 25, 'https://rickandmortyapi.com/api/character/avatar/67.jpeg'),
(68, 'Male', 'Colossus', 'Human', 'Dead', '', 8, 8, 'https://rickandmortyapi.com/api/character/avatar/68.jpeg'),
(69, 'Male', 'Commander Rick', 'Human', 'Dead', '', 3, 0, 'https://rickandmortyapi.com/api/character/avatar/69.jpeg'),
(70, 'Male', 'Concerto', 'Humanoid', 'Dead', '', 0, 0, 'https://rickandmortyapi.com/api/character/avatar/70.jpeg'),
(71, 'unknown', 'Conroy', 'Robot', 'Dead', '', 1, 20, 'https://rickandmortyapi.com/api/character/avatar/71.jpeg'),
(72, 'Male', 'Cool Rick', 'Human', 'Alive', '', 3, 26, 'https://rickandmortyapi.com/api/character/avatar/72.jpeg'),
(73, 'Male', 'Cop Morty', 'Human', 'Dead', '', 3, 0, 'https://rickandmortyapi.com/api/character/avatar/73.jpeg'),
(74, 'Male', 'Cop Rick', 'Human', 'Alive', '', 3, 0, 'https://rickandmortyapi.com/api/character/avatar/74.jpeg'),
(75, 'unknown', 'Courier Flap', 'Alien', 'Alive', '', 35, 0, 'https://rickandmortyapi.com/api/character/avatar/75.jpeg'),
(76, 'Male', 'Cousin Nicky', 'Alien', 'Dead', 'Parasite', 20, 0, 'https://rickandmortyapi.com/api/character/avatar/76.jpeg'),
(77, 'Male', 'Cowboy Morty', 'Human', 'Alive', '', 3, 0, 'https://rickandmortyapi.com/api/character/avatar/77.jpeg'),
(78, 'Male', 'Cowboy Rick', 'Human', 'Alive', '', 3, 0, 'https://rickandmortyapi.com/api/character/avatar/78.jpeg'),
(79, 'unknown', 'Crab Spider', 'Alien', 'Alive', 'Animal', 27, 27, 'https://rickandmortyapi.com/api/character/avatar/79.jpeg'),
(80, 'Female', 'Creepy Little Girl', 'Human', 'Alive', '', 18, 0, 'https://rickandmortyapi.com/api/character/avatar/80.jpeg'),
(81, 'Male', 'Crocubot', 'Animal', 'Dead', 'Robot-Crocodile hybrid', 4, 0, 'https://rickandmortyapi.com/api/character/avatar/81.jpeg'),
(82, 'Male', 'Cronenberg Rick', 'Cronenberg', 'unknown', '', 1, 12, 'https://rickandmortyapi.com/api/character/avatar/82.jpeg'),
(83, 'Male', 'Cronenberg Morty', 'Cronenberg', 'unknown', '', 1, 12, 'https://rickandmortyapi.com/api/character/avatar/83.jpeg'),
(84, 'Male', 'Cult Leader Morty', 'Human', 'Alive', '', 27, 0, 'https://rickandmortyapi.com/api/character/avatar/84.jpeg'),
(85, 'Male', 'Cyclops Morty', 'Humanoid', 'Alive', '', 3, 0, 'https://rickandmortyapi.com/api/character/avatar/85.jpeg'),
(86, 'Male', 'Cyclops Rick', 'Humanoid', 'Dead', '', 3, 0, 'https://rickandmortyapi.com/api/character/avatar/86.jpeg'),
(87, 'Female', 'Cynthia', 'Alien', 'Dead', 'Zigerion', 46, 0, 'https://rickandmortyapi.com/api/character/avatar/87.jpeg'),
(88, 'Female', 'Cynthia', 'Human', 'Alive', '', 20, 20, 'https://rickandmortyapi.com/api/character/avatar/88.jpeg'),
(89, 'Male', 'Dale', 'Mythological Creature', 'Dead', 'Giant', 14, 14, 'https://rickandmortyapi.com/api/character/avatar/89.jpeg'),
(90, 'Male', 'Daron Jefferson', 'Alien', 'Alive', 'Cone-nippled alien', 28, 28, 'https://rickandmortyapi.com/api/character/avatar/90.jpeg'),
(91, 'Male', 'David Letterman', 'Human', 'Alive', '', 23, 23, 'https://rickandmortyapi.com/api/character/avatar/91.jpeg'),
(92, 'Male', 'Davin', 'Human', 'Dead', '', 1, 1, 'https://rickandmortyapi.com/api/character/avatar/92.jpeg'),
(93, 'Male', 'Diablo Verde', 'Mythological Creature', 'Dead', 'Demon', 29, 0, 'https://rickandmortyapi.com/api/character/avatar/93.jpeg'),
(94, 'Female', 'Diane Sanchez', 'Human', 'Dead', '', 126, 1, 'https://rickandmortyapi.com/api/character/avatar/94.jpeg'),
(95, 'unknown', 'Dipper and Mabel Mortys', 'Human', 'unknown', '', 3, 0, 'https://rickandmortyapi.com/api/character/avatar/95.jpeg'),
(96, 'unknown', 'Tuberculosis', 'Disease', 'Dead', '', 5, 5, 'https://rickandmortyapi.com/api/character/avatar/96.jpeg'),
(97, 'unknown', 'Gonorrhea', 'Disease', 'Dead', '', 5, 5, 'https://rickandmortyapi.com/api/character/avatar/97.jpeg'),
(98, 'unknown', 'Hepatitis A', 'Disease', 'Dead', '', 5, 5, 'https://rickandmortyapi.com/api/character/avatar/98.jpeg'),
(99, 'unknown', 'Hepatitis C', 'Disease', 'Dead', '', 5, 5, 'https://rickandmortyapi.com/api/character/avatar/99.jpeg'),
(100, 'unknown', 'Bubonic Plague', 'Disease', 'Dead', '', 5, 5, 'https://rickandmortyapi.com/api/character/avatar/100.jpeg'),
(101, 'unknown', 'E. Coli', 'Disease', 'Dead', '', 5, 5, 'https://rickandmortyapi.com/api/character/avatar/101.jpeg'),
(102, 'Female', 'Donna Gueterman', 'Robot', 'Dead', '', 35, 0, 'https://rickandmortyapi.com/api/character/avatar/102.jpeg'),
(103, 'Male', 'Doofus Rick', 'Human', 'unknown', '', 20, 31, 'https://rickandmortyapi.com/api/character/avatar/103.jpeg'),
(104, 'unknown', 'Doom-Nomitron', 'Alien', 'Dead', 'Shapeshifter', 29, 0, 'https://rickandmortyapi.com/api/character/avatar/104.jpeg'),
(105, 'Male', 'Dr. Glip-Glop', 'Alien', 'Dead', '', 16, 0, 'https://rickandmortyapi.com/api/character/avatar/105.jpeg'),
(106, 'Male', 'Dr. Schmidt', 'Human', 'unknown', 'Game', 32, 32, 'https://rickandmortyapi.com/api/character/avatar/106.jpeg'),
(107, 'Female', 'Dr. Wong', 'Human', 'Alive', '', 20, 20, 'https://rickandmortyapi.com/api/character/avatar/107.jpeg'),
(108, 'Male', 'Dr. Xenon Bloom', 'Humanoid', 'Dead', 'Amoeba-Person', 5, 0, 'https://rickandmortyapi.com/api/character/avatar/108.jpeg'),
(109, 'Male', 'Duck With Muscles', 'Alien', 'Dead', 'Parasite', 20, 0, 'https://rickandmortyapi.com/api/character/avatar/109.jpeg'),
(110, 'Male', 'Eli', 'Human', 'Alive', '', 8, 8, 'https://rickandmortyapi.com/api/character/avatar/110.jpeg'),
(111, 'Female', 'Eli\'s Girlfriend', 'Human', 'Alive', '', 8, 8, 'https://rickandmortyapi.com/api/character/avatar/111.jpeg'),
(112, 'Male', 'Eric McMan', 'Human', 'Alive', '', 1, 1, 'https://rickandmortyapi.com/api/character/avatar/112.jpeg'),
(113, 'Male', 'Eric Stoltz Mask Morty', 'Human', 'unknown', '', 20, 33, 'https://rickandmortyapi.com/api/character/avatar/113.jpeg'),
(114, 'Male', 'Ethan', 'Human', 'unknown', 'Cronenberg', 1, 1, 'https://rickandmortyapi.com/api/character/avatar/114.jpeg'),
(115, 'Male', 'Ethan', 'Human', 'Alive', '', 20, 20, 'https://rickandmortyapi.com/api/character/avatar/115.jpeg'),
(116, 'Female', 'Evil Beth Clone', 'Human', 'Dead', 'Clone', 1, 0, 'https://rickandmortyapi.com/api/character/avatar/116.jpeg'),
(117, 'Male', 'Evil Jerry Clone', 'Human', 'Dead', 'Clone', 1, 0, 'https://rickandmortyapi.com/api/character/avatar/117.jpeg'),
(118, 'Male', 'Evil Morty', 'Human', 'Alive', '', 3, 0, 'https://rickandmortyapi.com/api/character/avatar/118.jpeg'),
(119, 'Male', 'Evil Rick', 'Humanoid', 'Dead', 'Robot', 3, 0, 'https://rickandmortyapi.com/api/character/avatar/119.jpeg'),
(120, 'Female', 'Evil Summer Clone', 'Human', 'Dead', 'Clone', 1, 0, 'https://rickandmortyapi.com/api/character/avatar/120.jpeg'),
(121, 'Male', 'Eyehole Man', 'Alien', 'Alive', '', 6, 0, 'https://rickandmortyapi.com/api/character/avatar/121.jpeg'),
(122, 'Male', 'Fart', 'Alien', 'Dead', 'Interdimensional gaseous being', 0, 0, 'https://rickandmortyapi.com/api/character/avatar/122.jpeg'),
(123, 'Male', 'Fat Morty', 'Human', 'Alive', '', 3, 0, 'https://rickandmortyapi.com/api/character/avatar/123.jpeg'),
(124, 'Male', 'Father Bob', 'Human', 'Alive', '', 20, 20, 'https://rickandmortyapi.com/api/character/avatar/124.jpeg'),
(125, 'unknown', 'Flansian', 'Alien', 'Alive', 'Flansian', 35, 0, 'https://rickandmortyapi.com/api/character/avatar/125.jpeg'),
(126, 'unknown', 'Fleeb', 'Alien', 'unknown', '', 6, 0, 'https://rickandmortyapi.com/api/character/avatar/126.jpeg'),
(127, 'Male', 'Frank Palicky', 'Human', 'Dead', '', 1, 1, 'https://rickandmortyapi.com/api/character/avatar/127.jpeg'),
(128, 'Male', 'Frankenstein\'s Monster', 'Alien', 'Dead', 'Parasite', 20, 0, 'https://rickandmortyapi.com/api/character/avatar/128.jpeg'),
(129, 'Female', 'Fulgora', 'Human', 'Alive', '', 6, 0, 'https://rickandmortyapi.com/api/character/avatar/129.jpeg'),
(130, 'Male', 'Galactic Federation President', 'Alien', 'Dead', 'Gromflomite', 0, 0, 'https://rickandmortyapi.com/api/character/avatar/130.jpeg'),
(131, 'Male', 'Gar Gloonch', 'Alien', 'Dead', 'Zombodian', 13, 0, 'https://rickandmortyapi.com/api/character/avatar/131.jpeg'),
(132, 'Male', 'Gar\'s Mytholog', 'Mythological Creature', 'Dead', 'Mytholog', 13, 13, 'https://rickandmortyapi.com/api/character/avatar/132.jpeg'),
(133, 'Male', 'Garblovian', 'Alien', 'Alive', 'Garblovian', 0, 36, 'https://rickandmortyapi.com/api/character/avatar/133.jpeg'),
(134, 'Male', 'Garmanarnar', 'Alien', 'Alive', '', 6, 0, 'https://rickandmortyapi.com/api/character/avatar/134.jpeg'),
(135, 'Male', 'Garment District Rick', 'Human', 'Dead', '', 3, 0, 'https://rickandmortyapi.com/api/character/avatar/135.jpeg'),
(136, 'Male', 'Gazorpazorpfield', 'Alien', 'Alive', 'Gazorpian', 6, 40, 'https://rickandmortyapi.com/api/character/avatar/136.jpeg'),
(137, 'Male', 'Gene', 'Human', 'Alive', '', 20, 20, 'https://rickandmortyapi.com/api/character/avatar/137.jpeg'),
(138, 'Male', 'General Nathan', 'Human', 'Dead', '', 20, 20, 'https://rickandmortyapi.com/api/character/avatar/138.jpeg'),
(139, 'Male', 'General Store Owner', 'Alien', 'Dead', 'Cat-Person', 9, 9, 'https://rickandmortyapi.com/api/character/avatar/139.jpeg'),
(140, 'Male', 'Genital Washer', 'Human', 'Alive', '', 8, 8, 'https://rickandmortyapi.com/api/character/avatar/140.jpeg'),
(141, 'Genderless', 'Ghost in a Jar', 'Alien', 'Dead', 'Parasite', 20, 0, 'https://rickandmortyapi.com/api/character/avatar/141.jpeg'),
(142, 'unknown', 'Gibble Snake', 'Alien', 'Dead', 'Animal', 37, 37, 'https://rickandmortyapi.com/api/character/avatar/142.jpeg'),
(143, 'Male', 'Glasses Morty', 'Human', 'Alive', '', 3, 0, 'https://rickandmortyapi.com/api/character/avatar/143.jpeg'),
(144, 'Male', 'Glenn', 'Alien', 'Dead', 'Gromflomite', 38, 0, 'https://rickandmortyapi.com/api/character/avatar/144.jpeg'),
(145, 'Male', 'Glenn', 'Human', 'Alive', 'Eat shiter-Person', 6, 0, 'https://rickandmortyapi.com/api/character/avatar/145.jpeg'),
(146, 'Male', 'Glexo Slim Slom', 'Alien', 'Alive', '', 13, 0, 'https://rickandmortyapi.com/api/character/avatar/146.jpeg'),
(147, 'Male', 'Gobo', 'Alien', 'Dead', '', 20, 0, 'https://rickandmortyapi.com/api/character/avatar/147.jpeg'),
(148, 'Female', 'Goddess Beth', 'Mythological Creature', 'unknown', 'Goddess', 13, 13, 'https://rickandmortyapi.com/api/character/avatar/148.jpeg'),
(149, 'Male', 'Gordon Lunas', 'Human', 'Dead', '', 20, 0, 'https://rickandmortyapi.com/api/character/avatar/149.jpeg'),
(150, 'Male', 'Cornvelious Daniel', 'Alien', 'Dead', 'Gromflomite', 39, 0, 'https://rickandmortyapi.com/api/character/avatar/150.jpeg'),
(151, 'Female', 'Gwendolyn', 'Robot', 'unknown', 'Gazorpian reproduction robot', 20, 40, 'https://rickandmortyapi.com/api/character/avatar/151.jpeg'),
(152, 'Male', 'Hammerhead Morty', 'Humanoid', 'unknown', 'Hammerhead-Person', 3, 0, 'https://rickandmortyapi.com/api/character/avatar/152.jpeg'),
(153, 'unknown', 'Hamster In Butt', 'Animal', 'Alive', '', 41, 41, 'https://rickandmortyapi.com/api/character/avatar/153.jpeg'),
(154, 'Male', 'Hamurai', 'Alien', 'Dead', 'Parasite', 20, 0, 'https://rickandmortyapi.com/api/character/avatar/154.jpeg'),
(155, 'Male', 'Harold', 'Cronenberg', 'Alive', '', 1, 1, 'https://rickandmortyapi.com/api/character/avatar/155.jpeg'),
(156, 'Male', 'Hemorrhage', 'Human', 'Alive', '', 8, 8, 'https://rickandmortyapi.com/api/character/avatar/156.jpeg'),
(157, 'Genderless', 'Hole in the Wall Where the Men Can See it All', 'unknown', 'unknown', 'Hole', 6, 0, 'https://rickandmortyapi.com/api/character/avatar/157.jpeg'),
(158, 'unknown', 'Hookah Alien', 'Alien', 'Alive', 'Tuskfish', 38, 0, 'https://rickandmortyapi.com/api/character/avatar/158.jpeg'),
(159, 'Male', 'Hunter', 'Human', 'Dead', 'Clone', 42, 42, 'https://rickandmortyapi.com/api/character/avatar/159.jpeg'),
(160, 'Male', 'Hunter\'s Father', 'Human', 'Alive', '', 42, 42, 'https://rickandmortyapi.com/api/character/avatar/160.jpeg'),
(161, 'Female', 'Hydrogen-F', 'Alien', 'Alive', 'Alphabetrian', 43, 43, 'https://rickandmortyapi.com/api/character/avatar/161.jpeg'),
(162, 'Male', 'Ice-T', 'Alien', 'Alive', 'Alphabetrian', 43, 43, 'https://rickandmortyapi.com/api/character/avatar/162.jpeg'),
(163, 'Male', 'Ideal Jerry', 'Mythological Creature', 'Dead', 'Mytholog', 13, 13, 'https://rickandmortyapi.com/api/character/avatar/163.jpeg'),
(164, 'Male', 'Insurance Rick', 'Human', 'unknown', '', 3, 0, 'https://rickandmortyapi.com/api/character/avatar/164.jpeg'),
(165, 'Male', 'Investigator Rick', 'Human', 'Dead', '', 3, 0, 'https://rickandmortyapi.com/api/character/avatar/165.jpeg'),
(166, 'Male', 'Invisi-trooper', 'Human', 'Alive', '', 20, 20, 'https://rickandmortyapi.com/api/character/avatar/166.jpeg'),
(167, 'unknown', 'Izzy', 'Animal', 'Alive', 'Cat', 20, 20, 'https://rickandmortyapi.com/api/character/avatar/167.jpeg'),
(168, 'Female', 'Jackie', 'Alien', 'Alive', 'Gazorpian', 40, 40, 'https://rickandmortyapi.com/api/character/avatar/168.jpeg'),
(169, 'Male', 'Jacob', 'Human', 'Alive', '', 1, 1, 'https://rickandmortyapi.com/api/character/avatar/169.jpeg'),
(170, 'Female', 'Jacqueline', 'Human', 'Alive', '', 20, 20, 'https://rickandmortyapi.com/api/character/avatar/170.jpeg'),
(171, 'Male', 'Jaguar', 'Human', 'Alive', '', 20, 20, 'https://rickandmortyapi.com/api/character/avatar/171.jpeg'),
(172, 'Male', 'Jamey', 'Human', 'Alive', '', 20, 20, 'https://rickandmortyapi.com/api/character/avatar/172.jpeg'),
(173, 'Male', 'Jan-Michael Vincent', 'Human', 'Alive', '', 6, 0, 'https://rickandmortyapi.com/api/character/avatar/173.jpeg'),
(174, 'Male', 'Jerry 5-126', 'Human', 'Alive', '', 44, 17, 'https://rickandmortyapi.com/api/character/avatar/174.jpeg'),
(175, 'Male', 'Jerry Smith', 'Human', 'Alive', '', 1, 1, 'https://rickandmortyapi.com/api/character/avatar/175.jpeg'),
(176, 'Male', 'Celebrity Jerry', 'Human', 'Alive', '', 23, 23, 'https://rickandmortyapi.com/api/character/avatar/176.jpeg'),
(177, 'Male', 'Jerry Smith', 'Human', 'Alive', '', 34, 34, 'https://rickandmortyapi.com/api/character/avatar/177.jpeg'),
(178, 'Male', 'Jerry\'s Mytholog', 'Mythological Creature', 'Dead', 'Mytholog', 13, 13, 'https://rickandmortyapi.com/api/character/avatar/178.jpeg'),
(179, 'Female', 'Jessica', 'Cronenberg', 'Alive', '', 1, 1, 'https://rickandmortyapi.com/api/character/avatar/179.jpeg');

-- --------------------------------------------------------

--
-- Estructura de tabla para la tabla `character_in_episode`
--

CREATE TABLE `character_in_episode` (
  `id_character` int(11) NOT NULL,
  `id_episode` int(11) NOT NULL
) ENGINE=InnoDB DEFAULT CHARSET=utf8mb4 COLLATE=utf8mb4_general_ci;

--
-- Volcado de datos para la tabla `character_in_episode`
--

INSERT INTO `character_in_episode` (`id_character`, `id_episode`) VALUES
(1, 1),
(1, 2),
(1, 3),
(1, 4),
(1, 5),
(1, 6),
(1, 7),
(1, 8),
(1, 9),
(1, 10),
(1, 11),
(1, 12),
(1, 13),
(1, 14),
(1, 15),
(1, 16),
(1, 17),
(1, 18),
(1, 19),
(1, 20),
(1, 21),
(1, 22),
(1, 23),
(1, 24),
(1, 25),
(1, 26),
(1, 27),
(1, 28),
(1, 29),
(1, 30),
(1, 31),
(1, 32),
(1, 33),
(1, 34),
(1, 35),
(1, 36),
(1, 37),
(1, 38),
(1, 39),
(1, 40),
(1, 41),
(1, 42),
(1, 43),
(1, 44),
(1, 45),
(1, 46),
(1, 47),
(1, 48),
(1, 49),
(1, 50),
(1, 51),
(2, 1),
(2, 2),
(2, 3),
(2, 4),
(2, 5),
(2, 6),
(2, 7),
(2, 8),
(2, 9),
(2, 10),
(2, 11),
(2, 12),
(2, 13),
(2, 14),
(2, 15),
(2, 16),
(2, 17),
(2, 18),
(2, 19),
(2, 20),
(2, 21),
(2, 22),
(2, 23),
(2, 24),
(2, 25),
(2, 26),
(2, 27),
(2, 28),
(2, 29),
(2, 30),
(2, 31),
(2, 32),
(2, 33),
(2, 34),
(2, 35),
(2, 36),
(2, 37),
(2, 38),
(2, 39),
(2, 40),
(2, 41),
(2, 42),
(2, 43),
(2, 44),
(2, 45),
(2, 46),
(2, 47),
(2, 48),
(2, 49),
(2, 50),
(2, 51),
(3, 6),
(3, 7),
(3, 8),
(3, 9),
(3, 10),
(3, 11),
(3, 12),
(3, 14),
(3, 15),
(3, 16),
(3, 17),
(3, 18),
(3, 19),
(3, 20),
(3, 21),
(3, 22),
(3, 23),
(3, 24),
(3, 25),
(3, 26),
(3, 27),
(3, 29),
(3, 30),
(3, 31),
(3, 32),
(3, 33),
(3, 34),
(3, 35),
(3, 36),
(3, 38),
(3, 39),
(3, 40),
(3, 41),
(3, 42),
(3, 43),
(3, 44),
(3, 45),
(3, 46),
(3, 47),
(3, 48),
(3, 49),
(3, 51),
(4, 6),
(4, 7),
(4, 8),
(4, 9),
(4, 10),
(4, 11),
(4, 12),
(4, 14),
(4, 15),
(4, 16),
(4, 18),
(4, 19),
(4, 20),
(4, 21),
(4, 22),
(4, 23),
(4, 24),
(4, 25),
(4, 26),
(4, 27),
(4, 28),
(4, 29),
(4, 30),
(4, 31),
(4, 32),
(4, 33),
(4, 34),
(4, 35),
(4, 36),
(4, 38),
(4, 39),
(4, 40),
(4, 41),
(4, 42),
(4, 43),
(4, 44),
(4, 45),
(4, 46),
(4, 47),
(4, 48),
(4, 49),
(4, 51),
(5, 6),
(5, 7),
(5, 8),
(5, 9),
(5, 10),
(5, 11),
(5, 12),
(5, 13),
(5, 14),
(5, 15),
(5, 16),
(5, 18),
(5, 19),
(5, 20),
(5, 21),
(5, 22),
(5, 23),
(5, 26),
(5, 29),
(5, 30),
(5, 31),
(5, 32),
(5, 33),
(5, 35),
(5, 36),
(5, 38),
(5, 39),
(5, 40),
(5, 41),
(5, 42),
(5, 43),
(5, 44),
(5, 45),
(5, 46),
(5, 47),
(5, 48),
(5, 49),
(5, 50),
(5, 51),
(6, 27),
(7, 10),
(7, 11),
(8, 28),
(9, 24),
(10, 25),
(11, 12),
(12, 3),
(13, 31),
(14, 10),
(15, 10),
(16, 15),
(17, 3),
(18, 10),
(18, 28),
(19, 10),
(20, 8),
(21, 10),
(21, 22),
(22, 10),
(22, 22),
(22, 28),
(23, 13),
(23, 19),
(23, 21),
(23, 25),
(23, 26),
(24, 16),
(25, 23),
(26, 20),
(27, 10),
(27, 28),
(28, 8),
(28, 13),
(28, 17),
(29, 8),
(30, 31),
(31, 15),
(32, 15),
(33, 29),
(34, 8),
(34, 13),
(34, 17),
(35, 1),
(35, 11),
(35, 19),
(35, 25),
(36, 14),
(37, 8),
(38, 1),
(38, 2),
(38, 3),
(38, 4),
(38, 5),
(38, 6),
(38, 22),
(38, 51),
(39, 10),
(40, 18),
(41, 5),
(42, 22),
(43, 28),
(44, 28),
(45, 3),
(46, 2),
(47, 11),
(47, 16),
(47, 21),
(47, 22),
(47, 26),
(47, 49),
(47, 51),
(48, 22),
(48, 28),
(49, 19),
(50, 14),
(51, 19),
(52, 23),
(53, 10),
(54, 8),
(55, 18),
(55, 21),
(56, 28),
(57, 22),
(58, 6),
(58, 11),
(58, 30),
(58, 46),
(59, 7),
(60, 25),
(61, 28),
(62, 1),
(63, 2),
(64, 12),
(65, 17),
(66, 18),
(67, 29),
(68, 23),
(69, 22),
(70, 24),
(71, 22),
(72, 28),
(73, 28),
(74, 28),
(75, 21),
(76, 15),
(77, 10),
(78, 10),
(78, 28),
(79, 10),
(80, 2),
(81, 25),
(82, 6),
(82, 10),
(83, 6),
(83, 10),
(84, 10),
(85, 10),
(85, 28),
(86, 10),
(86, 22),
(86, 28),
(87, 4),
(88, 8),
(88, 9),
(88, 11),
(88, 25),
(89, 5),
(90, 14),
(91, 8),
(92, 1),
(92, 6),
(93, 25),
(94, 22),
(94, 51),
(95, 22),
(96, 3),
(97, 3),
(98, 3),
(99, 3),
(100, 3),
(101, 3),
(102, 21),
(103, 10),
(103, 22),
(104, 25),
(105, 19),
(106, 13),
(107, 24),
(107, 41),
(108, 3),
(109, 15),
(110, 23),
(111, 23),
(112, 3),
(113, 10),
(114, 3),
(115, 16),
(115, 26),
(116, 5),
(117, 5),
(118, 10),
(118, 28),
(118, 51),
(119, 10),
(120, 5),
(121, 19),
(122, 13),
(123, 28),
(124, 16),
(124, 27),
(125, 18),
(125, 21),
(125, 25),
(126, 19),
(127, 1),
(128, 15),
(129, 8),
(129, 13),
(129, 17),
(130, 21),
(131, 13),
(131, 18),
(131, 21),
(132, 18),
(133, 13),
(133, 19),
(133, 21),
(134, 8),
(135, 28),
(136, 8),
(136, 13),
(137, 26),
(137, 49),
(138, 16),
(139, 20),
(140, 23),
(141, 15),
(142, 26),
(143, 28),
(144, 1),
(145, 8),
(146, 18),
(147, 29),
(148, 18),
(149, 29),
(150, 22),
(151, 7),
(152, 10),
(152, 22),
(153, 8),
(153, 19),
(154, 15),
(155, 6),
(156, 23),
(157, 8),
(158, 1),
(159, 17),
(160, 17),
(161, 16),
(162, 16),
(163, 18),
(164, 10),
(165, 28),
(166, 31),
(167, 24),
(168, 7),
(169, 3),
(169, 15),
(170, 27),
(171, 24),
(172, 16),
(173, 19),
(174, 13),
(175, 1),
(175, 2),
(175, 3),
(175, 4),
(175, 5),
(175, 6),
(175, 22),
(176, 8),
(177, 10),
(178, 18),
(179, 1),
(179, 4),
(179, 6);

-- --------------------------------------------------------

--
-- Estructura de tabla para la tabla `episodes`
--

CREATE TABLE `episodes` (
  `id` int(11) NOT NULL,
  `air_date` date NOT NULL,
  `episode` varchar(10) NOT NULL,
  `name` varchar(255) NOT NULL
) ENGINE=InnoDB DEFAULT CHARSET=utf8mb4 COLLATE=utf8mb4_general_ci;

--
-- Volcado de datos para la tabla `episodes`
--

INSERT INTO `episodes` (`id`, `air_date`, `episode`, `name`) VALUES
(1, '2013-12-02', 'S01E01', 'Pilot'),
(2, '2013-12-09', 'S01E02', 'Lawnmower Dog'),
(3, '2013-12-16', 'S01E03', 'Anatomy Park'),
(4, '2014-01-13', 'S01E04', 'M. Night Shaym-Aliens!'),
(5, '2014-01-20', 'S01E05', 'Meeseeks and Destroy'),
(6, '2014-01-27', 'S01E06', 'Rick Potion #9'),
(7, '2014-03-10', 'S01E07', 'Raising Gazorpazorp'),
(8, '2014-03-17', 'S01E08', 'Rixty Minutes'),
(9, '2014-03-24', 'S01E09', 'Something Ricked This Way Comes'),
(10, '2014-04-07', 'S01E10', 'Close Rick-counters of the Rick Kind'),
(11, '2014-04-14', 'S01E11', 'Ricksy Business'),
(12, '2015-07-26', 'S02E01', 'A Rickle in Time'),
(13, '2015-08-02', 'S02E02', 'Mortynight Run'),
(14, '2015-08-09', 'S02E03', 'Auto Erotic Assimilation'),
(15, '2015-08-16', 'S02E04', 'Total Rickall'),
(16, '2015-08-23', 'S02E05', 'Get Schwifty'),
(17, '2015-08-30', 'S02E06', 'The Ricks Must Be Crazy'),
(18, '2015-09-13', 'S02E07', 'Big Trouble in Little Sanchez'),
(19, '2015-09-20', 'S02E08', 'Interdimensional Cable 2: Tempting Fate'),
(20, '2015-09-27', 'S02E09', 'Look Who\'s Purging Now'),
(21, '2015-10-04', 'S02E10', 'The Wedding Squanchers'),
(22, '2017-04-01', 'S03E01', 'The Rickshank Rickdemption'),
(23, '2017-07-30', 'S03E02', 'Rickmancing the Stone'),
(24, '2017-08-06', 'S03E03', 'Pickle Rick'),
(25, '2017-08-13', 'S03E04', 'Vindicators 3: The Return of Worldender'),
(26, '2017-08-20', 'S03E05', 'The Whirly Dirly Conspiracy'),
(27, '2017-08-27', 'S03E06', 'Rest and Ricklaxation'),
(28, '2017-09-10', 'S03E07', 'The Ricklantis Mixup'),
(29, '2017-09-17', 'S03E08', 'Morty\'s Mind Blowers'),
(30, '2017-09-24', 'S03E09', 'The ABC\'s of Beth'),
(31, '2017-10-01', 'S03E10', 'The Rickchurian Mortydate'),
(32, '2019-11-10', 'S04E01', 'Edge of Tomorty: Rick, Die, Rickpeat'),
(33, '2019-11-17', 'S04E02', 'The Old Man and the Seat'),
(34, '2019-11-24', 'S04E03', 'One Crew Over the Crewcoo\'s Morty'),
(35, '2019-12-08', 'S04E04', 'Claw and Hoarder: Special Ricktim\'s Morty'),
(36, '2019-12-15', 'S04E05', 'Rattlestar Ricklactica'),
(37, '2020-05-03', 'S04E06', 'Never Ricking Morty'),
(38, '2020-05-10', 'S04E07', 'Promortyus'),
(39, '2020-05-17', 'S04E08', 'The Vat of Acid Episode'),
(40, '2020-05-24', 'S04E09', 'Childrick of Mort'),
(41, '2020-05-31', 'S04E10', 'Star Mort: Rickturn of the Jerri'),
(42, '2021-06-20', 'S05E01', 'Mort Dinner Rick Andre'),
(43, '2021-06-27', 'S05E02', 'Mortyplicity'),
(44, '2021-07-04', 'S05E03', 'A Rickconvenient Mort'),
(45, '2021-07-11', 'S05E04', 'Rickdependence Spray'),
(46, '2021-07-18', 'S05E05', 'Amortycan Grickfitti'),
(47, '2021-07-25', 'S05E06', 'Rick & Morty\'s Thanksploitation Spectacular'),
(48, '2021-08-01', 'S05E07', 'Gotron Jerrysis Rickvangelion'),
(49, '2021-08-08', 'S05E08', 'Rickternal Friendshine of the Spotless Mort'),
(50, '2021-09-05', 'S05E09', 'Forgetting Sarick Mortshall'),
(51, '2021-09-05', 'S05E10', 'Rickmurai Jack');

-- --------------------------------------------------------

--
-- Estructura de tabla para la tabla `locations`
--

CREATE TABLE `locations` (
  `id` int(11) NOT NULL,
  `name` varchar(255) NOT NULL,
  `type` varchar(100) NOT NULL,
  `dimension` varchar(255) NOT NULL
) ENGINE=InnoDB DEFAULT CHARSET=utf8mb4 COLLATE=utf8mb4_general_ci;

--
-- Volcado de datos para la tabla `locations`
--

INSERT INTO `locations` (`id`, `name`, `type`, `dimension`) VALUES
(0, 'Unknown', 'Unknown', 'Unknown'),
(1, 'Earth (C-137)', 'Planet', 'Dimension C-137'),
(2, 'Abadango', 'Cluster', 'unknown'),
(3, 'Citadel of Ricks', 'Space station', 'unknown'),
(4, 'Worldender\'s lair', 'Planet', 'unknown'),
(5, 'Anatomy Park', 'Microverse', 'Dimension C-137'),
(6, 'Interdimensional Cable', 'TV', 'unknown'),
(7, 'Immortality Field Resort', 'Resort', 'unknown'),
(8, 'Post-Apocalyptic Earth', 'Planet', 'Post-Apocalyptic Dimension'),
(9, 'Purge Planet', 'Planet', 'Replacement Dimension'),
(10, 'Venzenulon 7', 'Planet', 'unknown'),
(11, 'Bepis 9', 'Planet', 'unknown'),
(12, 'Cronenberg Earth', 'Planet', 'Cronenberg Dimension'),
(13, 'Nuptia 4', 'Planet', 'unknown'),
(14, 'Giant\'s Town', 'Fantasy town', 'Fantasy Dimension'),
(15, 'Bird World', 'Planet', 'unknown'),
(16, 'St. Gloopy Noops Hospital', 'Space station', 'unknown'),
(17, 'Earth (5-126)', 'Planet', 'Dimension 5-126'),
(18, 'Mr. Goldenfold\'s dream', 'Dream', 'Dimension C-137'),
(19, 'Gromflom Prime', 'Planet', 'Replacement Dimension'),
(20, 'Earth (Replacement Dimension)', 'Planet', 'Replacement Dimension'),
(21, 'Testicle Monster Dimension', 'Dimension', 'Testicle Monster Dimension'),
(22, 'Signus 5 Expanse', 'unknown', 'Cromulon Dimension'),
(23, 'Earth (C-500A)', 'Planet', 'Dimension C-500A'),
(24, 'Rick\'s Battery Microverse', 'Microverse', 'Replacement Dimension'),
(25, 'The Menagerie', 'Menagerie', 'unknown'),
(26, 'Earth (K-83)', 'Planet', 'Dimension K-83'),
(27, 'Hideout Planet', 'Planet', 'unknown'),
(28, 'Unity\'s Planet', 'Planet', 'Replacement Dimension'),
(29, 'Dorian 5', 'Planet', 'Replacement Dimension'),
(30, 'Earth (Unknown dimension)', 'Planet', 'unknown'),
(31, 'Earth (J19ζ7)', 'Planet', 'Dimension J19ζ7'),
(32, 'Roy: A Life Well Lived', 'Game', 'Replacement Dimension'),
(33, 'Eric Stoltz Mask Earth', 'Planet', 'Eric Stoltz Mask Dimension'),
(34, 'Earth (Evil Rick\'s Target Dimension)', 'Planet', 'Evil Rick\'s Target Dimension'),
(35, 'Planet Squanch', 'Planet', 'Replacement Dimension'),
(36, 'Glaagablaaga', 'Planet', 'unknown'),
(37, 'Resort Planet', 'Planet', 'unknown'),
(38, 'Interdimensional Customs', 'Customs', 'unknown'),
(39, 'Galactic Federation Prison', 'Space station', 'unknown'),
(40, 'Gazorpazorp', 'Planet', 'unknown'),
(41, 'Hamster in Butt World', 'Planet', 'unknown'),
(42, 'Earth (Giant Telepathic Spiders Dimension)', 'Planet', 'Giant Telepathic Spiders Dimension'),
(43, 'Alphabetrium', 'Planet', 'Replacement Dimension'),
(44, 'Jerryboree', 'Daycare', 'unknown'),
(45, 'Krootabulon', 'Planet', 'Replacement Dimension'),
(46, 'Zigerion\'s Base', 'Space station', 'Dimension C-137'),
(47, 'Pluto', 'Dwarf planet (Celestial Dwarf)', 'Replacement Dimension'),
(48, 'Fantasy World', 'Planet', 'Fantasy Dimension'),
(49, 'Zeep Xanflorp\'s Miniverse', 'Miniverse', 'Replacement Dimension'),
(50, 'Kyle\'s Teenyverse', 'Teenyverse', 'Replacement Dimension'),
(51, 'Larva Alien\'s Planet', 'Planet', 'Unknown dimension'),
(52, 'Earth (K-22)', 'Planet', 'Dimension K-22'),
(53, 'Mr. Meeseeks Box', 'Box', 'unknown'),
(54, 'Vindicator\'s Base', 'Spacecraft', 'unknown'),
(55, 'Pawn Shop Planet', 'Planet', 'Replacement Dimension'),
(56, 'Mega Gargantuan Kingdom', 'Microverse', 'Replacement Dimension'),
(57, 'Gear World', 'Planet', 'unknown'),
(58, 'Earth (D-99)', 'Planet', 'Dimension D-99'),
(59, 'Earth (D716)', 'Planet', 'Dimension D716'),
(60, 'Earth (D716-B)', 'Planet', 'Dimension D716-B'),
(61, 'Earth (D716-C)', 'Planet', 'Dimension D716-C'),
(62, 'Earth (J-22)', 'Planet', 'Dimension J-22'),
(63, 'Froopyland', 'Artificially generated world', 'Replacement Dimension'),
(64, 'Detoxifier', 'Machine', 'Replacement Dimension'),
(65, 'Trunk World', 'Planet', 'unknown'),
(66, 'Plopstar', 'Planet', 'unknown'),
(67, 'Blips and Chitz', 'Arcade', 'Replacement Dimension'),
(68, 'Girvonesk', 'unknown', 'unknown'),
(69, 'Earth (C-35)', 'Planet', 'Dimension C-35'),
(70, 'Snuffles\' Dream', 'Dream', 'Dimension C-137'),
(71, 'Earth (Pizza Dimension)', 'Planet', 'Pizza Dimension'),
(72, 'Earth (Phone Dimension)', 'Planet', 'Phone Dimension'),
(73, 'Greasy Grandma World', 'Planet', 'unknown'),
(74, 'Earth (Chair Dimension)', 'Planet', 'Chair Dimension'),
(75, 'Árboles Mentirosos', 'Planet', 'unknown'),
(76, 'Alien Day Spa', 'Spa', 'unknown'),
(77, 'Earth (Fascist Dimension)', 'Planet', 'Fascist Dimension'),
(78, 'Snake Planet', 'Planet', 'Replacement Dimension'),
(79, 'Forbodulon Prime', 'Planet', 'Replacement Dimension'),
(80, 'Earth (Fascist Shrimp Dimension)', 'Planet', 'Fascist Shrimp Dimension'),
(81, 'Earth (Fascist Teddy Bear Dimension)', 'Planet', 'Fascist Teddy Bear Dimension'),
(82, 'Earth (Wasp Dimension)', 'Planet', 'Wasp Dimension'),
(83, 'Monogatron Mothership', 'Space station', 'Replacement Dimension'),
(84, 'Gorgon Quadrant', 'Quadrant', 'Replacement Dimension'),
(85, 'Midland Quasar', 'Quasar', 'Replacement Dimension'),
(86, 'Mount Space Everest', 'Mount', 'Replacement Dimension'),
(87, 'Globaflyn', 'Liquid', 'Replacement Dimension'),
(88, 'Heist-Con', 'Convention', 'Replacement Dimension'),
(89, 'Heistotron Base', 'Space station', 'Replacement Dimension'),
(90, 'Mount Olympus', 'Mount', 'Replacement Dimension'),
(91, 'Plitzville Montana', 'Woods', 'Replacement Dimension'),
(92, 'Earth (Tusk Dimension)', 'Planet', 'Tusk Dimension'),
(93, 'Gramuflack', 'Planet', 'Replacement Dimension'),
(94, 'Draygon', 'Planet', 'Magic Dimension'),
(95, 'New Improved Galactic Federation Quarters', 'Space station', 'Replacement Dimension'),
(96, 'Story Train', 'Diegesis', 'Replacement Dimension'),
(97, 'Non-Diegetic Alternative Reality', 'Non-Diegetic Alternative Reality', 'Replacement Dimension'),
(98, 'Tickets Please Guy Nightmare', 'Nightmare', 'Replacement Dimension'),
(99, 'Morty’s Story', 'Diegesis', 'Replacement Dimension'),
(100, 'Ricks’s Story', 'Diegesis', 'Replacement Dimension'),
(101, 'Glorzo Asteroid', 'Asteroid', 'Replacement Dimension'),
(102, 'Alien Acid Plant', 'Acid Plant', 'Replacement Dimension'),
(103, 'Merged Universe', 'Dimension', 'Merged Dimension'),
(104, 'Near-Duplicate Reality', 'Reality', 'Unknown dimension'),
(105, 'NX-5 Planet Remover', 'Death Star', 'Replacement Dimension'),
(106, 'Gaia', 'Planet', 'Replacement Dimension'),
(107, 'Defiance\'s Ship', 'Spacecraft', 'Replacement Dimension'),
(108, 'Defiance\'s Base', 'Base', 'Replacement Dimension'),
(109, 'The Ocean', 'Liquid', 'Replacement Dimension'),
(110, 'Narnia Dimension', 'Dimension', 'Fantasy Dimension'),
(111, 'Elemental Rings', 'Elemental Rings', 'Replacement Dimension'),
(112, 'Morglutz', 'Planet', 'Replacement Dimension'),
(113, 'Ferkus 9', 'Planet', 'Replacement Dimension'),
(114, 'Morty', 'Human', 'Replacement Dimension'),
(115, 'Space', 'Space', 'Replacement Dimension'),
(116, 'Hell', 'Hell', 'Replacement Dimension'),
(117, 'Z. Q. P. D.', 'Police Department', 'Replacement Dimension'),
(118, 'Space Tahoe', '', 'Replacement Dimension'),
(119, 'France', 'Country', 'Replacement Dimension'),
(120, 'Birdperson\'s Consciousness', 'Consciousness', 'Replacement Dimension'),
(121, 'Rick\'s Consciousness', 'Consciousness', 'Replacement Dimension'),
(122, 'Avian Planet', 'Planet', 'Replacement Dimension'),
(123, 'Normal Size Bug Dimension', 'Dimension', ''),
(124, 'Slartivart', 'Planet', 'Replacement Dimension'),
(125, 'Rick and Two Crows Planet', 'Planet', 'Replacement Dimension'),
(126, 'Rick\'s Memories', 'Memory', '');

--
-- Índices para tablas volcadas
--

--
-- Indices de la tabla `characters`
--
ALTER TABLE `characters`
  ADD PRIMARY KEY (`id`),
  ADD KEY `characters_ibfk_1` (`id_location`),
  ADD KEY `characters_ibfk_2` (`id_origin`);

--
-- Indices de la tabla `character_in_episode`
--
ALTER TABLE `character_in_episode`
  ADD PRIMARY KEY (`id_character`,`id_episode`),
  ADD KEY `id_episode` (`id_episode`);

--
-- Indices de la tabla `episodes`
--
ALTER TABLE `episodes`
  ADD PRIMARY KEY (`id`);

--
-- Indices de la tabla `locations`
--
ALTER TABLE `locations`
  ADD PRIMARY KEY (`id`);

--
-- AUTO_INCREMENT de las tablas volcadas
--

--
-- AUTO_INCREMENT de la tabla `episodes`
--
ALTER TABLE `episodes`
  MODIFY `id` int(11) NOT NULL AUTO_INCREMENT, AUTO_INCREMENT=52;

--
-- Restricciones para tablas volcadas
--

--
-- Filtros para la tabla `characters`
--
ALTER TABLE `characters`
  ADD CONSTRAINT `characters_ibfk_1` FOREIGN KEY (`id_location`) REFERENCES `locations` (`id`) ON DELETE CASCADE,
  ADD CONSTRAINT `characters_ibfk_2` FOREIGN KEY (`id_origin`) REFERENCES `locations` (`id`) ON DELETE SET NULL;

--
-- Filtros para la tabla `character_in_episode`
--
ALTER TABLE `character_in_episode`
  ADD CONSTRAINT `character_in_episode_ibfk_1` FOREIGN KEY (`id_character`) REFERENCES `characters` (`id`) ON DELETE CASCADE,
  ADD CONSTRAINT `character_in_episode_ibfk_2` FOREIGN KEY (`id_episode`) REFERENCES `episodes` (`id`) ON DELETE CASCADE;
COMMIT;

/*!40101 SET CHARACTER_SET_CLIENT=@OLD_CHARACTER_SET_CLIENT */;
/*!40101 SET CHARACTER_SET_RESULTS=@OLD_CHARACTER_SET_RESULTS */;
/*!40101 SET COLLATION_CONNECTION=@OLD_COLLATION_CONNECTION */;
